total_loss,pred_loss,policy_loss,sigreg_loss
0.23634234070777893,0.22636504471302032,0.2562386691570282,0.4988649785518646
0.18172939121723175,0.1713620126247406,7.498507499694824,0.518368661403656
0.19055910408496857,0.1797637790441513,41.422080993652344,0.5397666096687317
0.21312715113162994,0.20224663615226746,11.068090438842773,0.5440256595611572
0.20204515755176544,0.19119827449321747,2.038038492202759,0.5423442125320435
