total_loss,pred_loss,policy_loss,sigreg_loss
0.009973537176847458,2.6619552500051213e-06,1.8786377906799316,0.49854379892349243
0.008590957149863243,1.7955826479010284e-05,3.3194124698638916,0.4286500811576843
